day,slope: CO2 vs. MW,intercept,r_val,p_val,error
0,0.407774558421,11117.7696539,0.97275615019,9.93272852305e-26,0.0157650475222
1,0.449418908838,2240.30164837,0.966742077219,4.17188250542e-24,0.0192872445043
2,0.435946155288,4372.10704811,0.983350797202,9.40111758214e-30,0.013068600095
3,0.435946155288,4372.10704811,0.983350797202,9.40111758214e-30,0.013068600095
4,0.45149337374,1755.53439058,0.960244757843,1.17026908377e-22,0.0212926634509
5,0.471744671508,-2687.39740483,0.966427788388,4.97460790217e-24,0.0203458001089
6,0.418633190962,8733.5364146,0.96807832155,1.93637624646e-24,0.0175830986557
7,0.421385266505,7842.85566,0.963234340601,2.71953190235e-23,0.0190661428156
8,0.448104044014,2609.81519945,0.974581011133,2.70291750099e-26,0.0167103571942
9,0.478895433643,-5231.0017807,0.960534136433,1.02116723579e-22,0.0224974918512
10,0.48641376091,-7591.23051761,0.983209522837,1.10248627546e-29,0.0146448118717
11,0.478536116176,-6213.84710272,0.985648260155,5.70797525814e-31,0.01329549157
12,0.479886333355,-5915.46480525,0.984492911753,2.46065716151e-30,0.0138715149776
13,0.441129883163,3551.27639019,0.982283293206,3.03379301049e-29,0.0136525030511
14,0.427544719959,7228.04686311,0.973207623228,7.25902581712e-26,0.0163861248761
15,0.482433013433,-6940.32381635,0.988510680146,8.54238679423e-33,0.0119667158594
16,0.462985900111,-342.104697078,0.975330098895,1.54106140975e-26,0.016999176568
17,0.468852852831,-1637.61968073,0.982730791657,1.8730963409e-29,0.0143211630993
18,0.470466497493,-2326.38278387,0.982734180621,1.86617909907e-29,0.0143690046647
19,0.468335574991,-3951.89144774,0.985504984724,6.88517393938e-31,0.0130783017729
20,0.431817679263,5755.37166968,0.957600489244,3.88725268952e-22,0.0210749579394
21,0.461757526127,-324.828447745,0.955986464651,7.79493322296e-22,0.0229903980574
22,0.480807154238,-6547.31452362,0.989406873063,1.83988657075e-33,0.0114440064835
23,0.479945274947,-6340.21861389,0.989245990239,2.44663673384e-33,0.0115113188183
24,0.490079086357,-8322.82266144,0.969737887667,7.12356255542e-25,0.0200158411862
25,0.434513374898,6139.45425044,0.966489235496,4.80699694308e-24,0.0187220018634
26,0.428761739542,6011.19100762,0.976249768476,7.54711908582e-27,0.0154354082955
27,0.434845879036,4656.69033776,0.977059103155,3.93302768521e-27,0.0153758009212
28,0.422450717913,8213.83736168,0.970400398668,4.70475518052e-25,0.0170550682668
29,0.462876092017,-955.52697773,0.972898340429,9.00375990458e-26,0.0178466121455
30,0.471200074781,-3421.64154528,0.963771784937,2.06542969165e-23,0.0211547706387
31,0.483017439937,-7230.47848299,0.990460168862,2.53824684669e-34,0.0109013701889
32,0.474466572471,-5196.5782145,0.98724372868,6.16606114078e-32,0.0124130035652
33,0.471837757329,-4738.45573619,0.9870938423,7.68845668616e-32,0.0124179561652
34,0.489017009734,-8796.82537637,0.992054114189,7.97824100534e-36,0.0100604760281
35,0.441363371545,3555.29917665,0.964128281123,1.71694329004e-23,0.0197119997985
36,0.484150314039,-7371.32227996,0.990875148928,1.09420371624e-34,0.0106832745225
37,0.466589108071,-3243.1352259,0.98597892498,3.67600688358e-31,0.0128101182979
38,0.473131573764,-5272.56112642,0.992001229686,9.04580640954e-36,0.00976639614939
39,0.479815881836,-6565.50068118,0.99107029019,7.26851061358e-35,0.0104722579791
40,0.469828681867,-2952.90984776,0.956170661611,7.20949477287e-22,0.0233398543509
41,0.446807793321,3185.443007,0.970940075897,3.33220486137e-25,0.0178657174861
42,0.446807793321,3185.443007,0.970940075897,3.33220486138e-25,0.0178657174861
43,0.464429980866,-1263.16720619,0.980955444311,1.18408510591e-28,0.014917702557
44,0.482470820487,-7058.34699312,0.990797341127,1.28490582019e-34,0.010692139338
45,0.464100218521,-180.208906328,0.979437012808,5.01978700463e-28,0.0155080577123
46,0.469373184995,-1991.57068763,0.983322220906,9.71009025161e-30,0.0140830386346
47,0.473610512737,-4613.95520591,0.988725070155,5.98343373238e-33,0.0116358546523
48,0.42797903898,7072.70922317,0.965826594897,6.93344970358e-24,0.0186315193339
49,0.464017579374,-924.943618952,0.96785787677,2.20265826284e-24,0.019559835259
50,0.457363729481,-1792.71280971,0.988061359618,1.76381216675e-32,0.0115685341821
51,0.477141521363,-6174.0278436,0.986962368565,9.31067136757e-32,0.0126226049274
52,0.482545056987,-6441.64884658,0.966277089744,5.40937883034e-24,0.0208607190079
53,0.426025871463,6788.36725586,0.978593184319,1.06997402183e-27,0.0145343722064
54,0.475452982846,-4712.08535104,0.963840061877,1.99389492266e-23,0.0213244432552
55,0.472557628091,-2259.81631482,0.967543396002,2.64304029364e-24,0.0200219432012
56,0.435597924276,4570.58606569,0.980027882,2.89948027141e-28,0.0143384856564
57,0.45737898828,1460.37493009,0.979076771387,6.9605301202e-28,0.0154210283309
58,0.454941873806,2337.75209007,0.978527481996,1.13348056521e-27,0.0155454614344
59,0.465346597666,-3588.10818158,0.992111712065,6.95168466238e-36,0.00953833101111
60,0.455181803349,-1450.91785249,0.989569774428,1.37252355719e-33,0.0107491249149
61,0.507925592481,-12670.1142812,0.96271627195,3.53183191127e-23,0.0231525276994
62,0.422304753094,7299.29481229,0.975043932347,1.91386543963e-26,0.0155986295602
63,0.441232865595,3686.30112923,0.977860188264,2.01576307841e-27,0.0153173644801
64,0.498594075624,-10538.2437098,0.958316998806,2.82956501043e-22,0.0241138808678
65,0.431410681695,5358.70585583,0.978165026186,1.5530274216e-27,0.01486943827
66,0.443785736219,1319.78666796,0.981164040553,9.62244284023e-29,0.0141740516101
67,0.462453539228,-2905.51964248,0.991842777656,1.31135163057e-35,0.009641223522
68,0.446626722061,580.149371381,0.975140027652,1.78007196004e-26,0.0164639935567
69,0.460486673773,327.774504447,0.954291229672,1.5748498145e-21,0.0233958455757
70,0.470864488314,-1992.20906969,0.966594630783,4.53187693718e-24,0.0202546770966
71,0.482061494321,-6240.18159577,0.956265465909,6.92462400655e-22,0.0239198426552
72,0.45037148441,810.386176679,0.960258177476,1.16292211557e-22,0.0212359453678
73,0.510854996967,-13969.3522723,0.972148535162,1.50243428544e-25,0.0199786920572
74,0.437869046527,3969.68497192,0.981222845289,9.07202619834e-29,0.0139626017814
75,0.440879330396,3531.43683648,0.98205768481,3.85084078038e-29,0.0137337243808
76,0.432717263208,5231.39396448,0.98086964336,1.28870567643e-28,0.013931266846
77,0.466319352271,-1056.13227675,0.957120217834,4.79476129172e-22,0.0228960301065
78,0.42706058067,4982.08303621,0.963013833416,3.04091090663e-23,0.019384138446
79,0.500650747494,-10725.2496396,0.950343885148,7.34088288249e-21,0.0265952606427
80,0.496535082344,-9595.41971278,0.958638815865,2.44896901853e-22,0.0239153527406
81,0.438632712515,4350.05427967,0.982717398345,1.90067174624e-29,0.0134034174218
82,0.46430950973,-376.857061028,0.957057334415,4.92743600869e-22,0.02281519046
83,0.466563497354,-825.217226534,0.971528756163,2.27025097549e-25,0.0184572960437
84,0.435082488087,5086.51583082,0.955131793079,1.11498802887e-21,0.0218863771947
85,0.441698840032,3850.35709172,0.97796542988,1.8429635483e-27,0.0152958141022
86,0.445900436401,2540.15376391,0.977790391571,2.13870193421e-27,0.0155046124793
87,0.448902110426,2540.56241828,0.968817352799,1.24879692279e-24,0.0186241793269
88,0.448549691143,2623.1464639,0.980979874257,1.15579991966e-28,0.0143981067679
89,0.467359647206,-1214.19996773,0.956562336996,6.09983093911e-22,0.0231060764901
90,0.422688725343,8091.31351795,0.967644710191,2.49280172959e-24,0.017879646452
91,0.423966887088,8168.166385,0.970698879242,3.89071502291e-25,0.0170258131472
92,0.455114163586,1101.23406683,0.977345045402,3.10672749364e-27,0.015988343325
93,0.46175908907,188.770282639,0.981063664922,1.06356705146e-28,0.0147884836067
94,0.466846810271,-1220.02900009,0.957752504217,3.63563846641e-22,0.0227409540702
95,0.490013172795,-6185.64994191,0.968187887354,1.81564789627e-24,0.0205440396675
96,0.471064217553,-2122.07436978,0.960773758243,9.1148503855e-23,0.0220581597923
97,0.467569391958,-1074.17232757,0.972118827562,1.53278268151e-25,0.0182960347613
98,0.429219379388,6714.53653252,0.962294294336,4.35785803483e-23,0.0196818183957
99,0.456496977268,436.073669315,0.977608899553,2.4924453112e-27,0.015940020823
100,0.432686003313,5877.38964561,0.955873362021,8.17637821866e-22,0.0215725495494
101,0.466651981441,-1832.8487598,0.970396576387,4.71615560834e-25,0.0188408222478
102,0.455256574599,1161.49323247,0.978978267666,7.60377511472e-28,0.0153867231807
103,0.462423885634,-892.106027777,0.970050671308,5.86332530423e-25,0.0187839223501
104,0.422337342643,8118.75545545,0.960963906794,8.32475858354e-23,0.0197255254946
105,0.416254033983,9238.43268936,0.962949915127,3.14058191855e-23,0.0189108988087
106,0.439384288433,4523.67613123,0.966091535216,5.99413027319e-24,0.0190497981593
107,0.463478996115,-1602.37035559,0.952131657981,3.7151321614e-21,0.0241390402436
108,0.470721869319,-1848.89866688,0.962812481498,3.36544813861e-23,0.0214273700939
109,0.480007328096,-3989.70479126,0.981806397724,5.00470907632e-29,0.0150598335867
110,0.448653300888,1122.21144531,0.924368466967,1.73119778558e-17,0.030037896379
111,0.490970820902,-8341.62631945,0.952875315404,2.77714035542e-21,0.0253564992155
112,0.472789084252,-4159.63689493,0.948408978793,1.49217913679e-20,0.0256393558026
113,0.435366833071,5480.53738575,0.956990346919,5.0725831495e-22,0.021410819823
114,0.435139143561,4241.44622735,0.99140501795,3.52726633701e-35,0.00931510012122
115,0.433350788285,4597.74147816,0.991224190674,5.2307748651e-35,0.00937517902028
116,0.477762872448,-3277.96334021,0.967450068871,2.78897740169e-24,0.0202730427261
117,0.484236494927,-4709.11240142,0.968816804638,1.24920815034e-24,0.0200903275435
118,0.424715068497,7101.89160328,0.959513586247,1.64400663512e-22,0.0202247674583
119,0.431741619865,5662.23551497,0.962727894984,3.51132581706e-23,0.0196766232691
120,0.487438535159,-5436.82634084,0.969474514928,8.37932343204e-25,0.0199985327835
121,0.415852507466,8873.03222027,0.956590492553,6.02662502187e-22,0.020552462502
122,0.411819301211,9996.68345892,0.964691793064,1.27711148597e-23,0.0182394342093
123,0.416866969386,8658.77227567,0.956315392183,6.77891420966e-22,0.0206722713634
124,0.414931415481,9351.68886934,0.972339944937,1.32011049101e-25,0.0161690236829
125,0.415647431715,8971.51613632,0.976324349371,7.11391349992e-27,0.0149389218171
126,0.419240248859,8393.56450035,0.97709406261,3.82185362065e-27,0.0148122999559
127,0.529953478644,-16584.2484687,0.956208047785,7.09585781532e-22,0.0263146881763
128,0.445695917402,2346.10418972,0.83013847645,3.50160781154e-11,0.0485607960418
129,0.421892367187,7892.53449814,0.989163752235,2.82568742606e-33,0.0101581917889
130,0.459283174738,-498.691922566,0.961472338699,6.51798159844e-23,0.0213024405025
131,0.455269149564,1435.83411776,0.980320048775,2.19691318085e-28,0.0148726459775
132,0.457294199129,1051.75481145,0.965484292615,8.35410895255e-24,0.0200125237026
133,0.401260755125,11882.9521839,0.960038336834,1.28895869188e-22,0.0189758121434
134,0.483896299191,-4558.6611177,0.967248469497,3.13064722933e-24,0.0206000302953
135,0.478571300386,-3652.93808357,0.948028138734,1.71025772231e-20,0.0260564575962
136,0.467791303094,-2112.62591764,0.93809915706,4.34362967887e-19,0.0280186932933
137,0.460485171828,-136.665849141,0.979026178172,7.28418982936e-28,0.0155451208902
138,0.462435686902,-196.418679024,0.965680066255,7.51107696288e-24,0.02017696841
139,0.455924690551,1321.95553539,0.965206566774,9.70469755107e-24,0.0200370504378
140,0.460750888759,291.989830906,0.978150522965,1.57254754063e-27,0.0158861581882
141,0.448537561702,3443.44221274,0.9770997878,3.80393284564e-27,0.0158453613873
142,0.416249456123,9919.88450602,0.988139048162,1.55908985132e-32,0.0104936594986
143,0.461461195783,-517.091802273,0.936852689308,6.27475685042e-19,0.0279445941324
144,0.473892350159,-2727.92379577,0.946366913218,3.06455586367e-20,0.0262456362111
145,0.389609954078,14088.7531825,0.958509334606,2.595879724e-22,0.0187966269341
146,0.439788803693,4949.99548911,0.983957987311,4.66545301875e-30,0.0129351502688
147,0.412378549492,9547.09975684,0.982334837858,2.87168545652e-29,0.0127435974053
148,0.402758343634,11556.0781924,0.969421441713,8.65651943226e-25,0.0165393318193
149,0.465654840636,-1473.63665464,0.965812082774,6.98872613796e-24,0.0202762207715
150,0.425672473631,7734.31051352,0.906431355208,8.41797045295e-16,0.032175448141
151,0.509890501941,-12715.1466838,0.986173832675,2.82224084605e-31,0.0138992440742
152,0.509890501941,-12715.1466838,0.986173832675,2.82224084605e-31,0.0138992440742
153,0.412293939445,10427.2668614,0.912969534775,2.25319740012e-16,0.0298915576217
154,0.452932437096,1579.64620561,0.947500898545,2.06226589433e-20,0.0247957223013
155,0.472332861937,-2737.93213343,0.974830356491,2.24608664248e-26,0.0175238992835
156,0.419230065027,8446.6490939,0.948709942876,1.33871253781e-20,0.0226629980735
157,0.425813570585,7549.74598073,0.917686918043,8.1502061464e-17,0.0299058701551
158,0.473482070563,-3114.00251603,0.974620642313,2.62486169322e-26,0.0176424251695
159,0.41383900093,9486.06161862,0.955535104559,9.42521900964e-22,0.0207173602407
160,0.401586834794,11494.6812145,0.978337766743,1.33748046559e-27,0.0137848068294
161,0.375197602806,16566.5406349,0.933911151754,1.45223748787e-18,0.0232994165522
162,0.484906789228,-5720.15409834,0.968240586059,1.76014957027e-24,0.0203122725207
163,0.502889906337,-11043.8575065,0.978050586949,1.71350114043e-27,0.0173800073265
164,0.469876567068,-2080.86757183,0.964690987666,1.27765615785e-23,0.0208110349626
165,0.427344229272,8127.87264412,0.988549653809,8.01099309366e-33,0.0105819349052
166,0.419244855741,9956.86328121,0.987621761099,3.49290476409e-32,0.010801438448
167,0.499749294274,-10115.8406085,0.976677300232,5.36406941107e-27,0.0178224167782
168,0.486756997593,-6386.0112831,0.968069164274,1.94680303175e-24,0.0204474586991
169,0.480204041668,-6942.25182226,0.927535712881,7.89800248141e-18,0.0313882137296
170,0.428384749419,6614.58149145,0.942292063003,1.18876755175e-19,0.0246906039001
171,0.483045963754,-5351.37031105,0.963276226962,2.66223321967e-23,0.0218428934962
172,0.464730454883,-1566.72073508,0.966030559643,6.19899439781e-24,0.0201677662125
173,0.379499913356,15897.2135464,0.926494421744,1.02623680832e-17,0.0250046684889
174,0.407950725856,10565.1489541,0.976516868843,6.10181068222e-27,0.014600388985
175,0.399824542681,12069.4736687,0.968742010111,1.30653566816e-24,0.0166090367004
176,0.352066632712,21692.3118524,0.920888287368,3.94615365888e-17,0.0241767303299
177,0.361101434838,20002.9096284,0.91199988285,2.75725524368e-16,0.0263468190713
178,0.464162781258,-1633.10161262,0.957310536472,4.41348944168e-22,0.0227360958813
179,0.442358945298,3517.35812774,0.920092757454,4.73883247906e-17,0.0305496036649
180,0.39893580665,13495.5325982,0.888344494278,2.05598305446e-14,0.0334511066272
181,0.367408671586,18291.239406,0.919044045531,6.01478782464e-17,0.0255616067075
182,0.385946085375,14474.439073,0.954068560463,1.72383073695e-21,0.0196598492925
183,0.45860339702,-439.551316163,0.954273402813,1.58631386319e-21,0.0233050346101
184,0.445671867024,3421.70949474,0.921867252611,3.14193606383e-17,0.0303901801984
185,0.359892851428,19565.9472754,0.909854616665,4.27484740771e-16,0.0266244912759
186,0.397419988771,13094.3841135,0.930138503636,4.03336602599e-18,0.0254520908519
187,0.468117404281,-2669.6108066,0.953343673547,2.30650486891e-21,0.0240468448681
188,0.468458349277,-2677.85999759,0.956045134244,7.60375406343e-22,0.0233073932993
189,0.468266150701,-2242.55750474,0.95453412864,1.42624382838e-21,0.0237232341079
190,0.509242250764,-13030.7811911,0.979613330033,4.26862301555e-28,0.0169410871059
191,0.517376800877,-14945.4898329,0.984671693143,1.97712565687e-30,0.0148667189151
192,0.546416934252,-24396.3135877,0.990760691986,1.38525890929e-34,0.0121336883334
193,0.515687040678,-14449.0198858,0.984861485554,1.56291847597e-30,0.0147240063959
194,0.506346543548,-11797.7803156,0.985889821349,4.14301127766e-31,0.0139467013039
195,0.442497626564,3826.28055942,0.942200464481,1.22415060942e-19,0.0255261333878
196,0.415179307623,9993.39072571,0.914615131811,1.59089197193e-16,0.0297739681441
197,0.459464789214,585.252078059,0.923202052183,2.29164861489e-17,0.0310277968998
198,0.422048304033,8577.95423857,0.909126455686,4.948649871e-16,0.031367661785
199,0.440414410194,4790.32457472,0.915569386165,1.29594783156e-16,0.0313817657754
200,0.502396791794,-10629.1380402,0.970382144465,4.75943663804e-25,0.0202891708526
201,0.515174238226,-15170.9418822,0.988582501237,7.58758773461e-33,0.0127381604168
202,0.510888996632,-13555.5916484,0.986036829528,3.39973073242e-31,0.0139967525013
203,0.510570829174,-12959.2096925,0.98249608361,2.41587730345e-29,0.0157038868072
204,0.520893326976,-16595.2497947,0.98783332476,2.52188214226e-32,0.0133029899756
205,0.502386473548,-10811.542292,0.960963713649,8.32552722696e-23,0.0234643310252
206,0.549596254003,-24345.842797,0.951643195538,4.48636872909e-21,0.0287810627797
207,0.456843531213,288.11622599,0.950224548086,7.67541668991e-21,0.0242996126598
208,0.375968209111,18763.9331141,0.907974343799,6.22273649461e-16,0.0281466345943
209,0.42974260585,6369.07283856,0.909037607524,5.03739935339e-16,0.0319575107178
210,0.423832315022,8717.59111347,0.915096603805,1.43495776933e-16,0.0302965515734
211,0.514615321932,-14410.3236634,0.983968096254,4.61031092215e-30,0.0151310751195
212,0.519615401038,-15966.259126,0.985787125691,4.75084617946e-31,0.0143652893311
213,0.511075143258,-13199.1667888,0.983982068428,4.53511064217e-30,0.0150202743378
214,0.529787883676,-19427.4105756,0.986787926949,1.19674724638e-31,0.0141106699985
215,0.514423059436,-14198.1374431,0.967220894057,3.18034894022e-24,0.0219092785123
216,0.387455199834,17266.3083707,0.815265751735,1.50256648097e-10,0.044645152694
217,0.473618906141,-2651.13380977,0.952962208757,2.683479877e-21,0.0244361022484
218,0.549203142923,-25308.6639779,0.989469251515,1.645470136e-33,0.0130327825333
219,0.576465210613,-35178.1568203,0.992676799493,1.70153495755e-36,0.0113800017175
220,0.578488344273,-36122.8268862,0.993342992501,2.79451716717e-37,0.0108826364749
221,0.578488344273,-36122.8268862,0.993342992501,2.79451716717e-37,0.0108826364749
222,0.578488344273,-36122.8268862,0.993342992501,2.79451716717e-37,0.0108826364749
223,0.576465210613,-35178.1568203,0.992676799493,1.70153495755e-36,0.0113800017175
224,0.576465210613,-35178.1568203,0.992676799493,1.70153495755e-36,0.0113800017175
225,0.578488344273,-36122.8268862,0.993342992501,2.79451716717e-37,0.0108826364749
226,0.578488344273,-36122.8268862,0.993342992501,2.79451716717e-37,0.0108826364749
227,0.576465210613,-35178.1568203,0.992676799493,1.70153495755e-36,0.0113800017175
228,0.576465210613,-35178.1568203,0.992676799493,1.70153495755e-36,0.0113800017175
229,0.576465210613,-35178.1568203,0.992676799493,1.70153495755e-36,0.0113800017175
230,0.552312180552,-26125.1176222,0.988177197403,1.46700160502e-32,0.0139009908705
231,0.524430087507,-18034.4107381,0.987549576006,3.8984998745e-32,0.0135515181348
232,0.580789580795,-36719.7418303,0.990716666219,1.51562816204e-34,0.0129280867744
233,0.55453825816,-26958.964313,0.98820323316,1.40713698754e-32,0.0139413660676
234,0.503833467465,-10354.6684382,0.980710321221,1.50658481962e-28,0.0162902387093
235,0.515206698125,-14644.5042936,0.982773348059,1.78796879481e-29,0.0157171322608
236,0.513422307189,-14204.775756,0.98335740762,9.33098184904e-30,0.0153880121823
237,0.418973556367,9469.28284835,0.915305149154,1.37199143267e-16,0.0299072445024
238,0.473195717437,-3604.72019878,0.947292118746,2.21973196185e-20,0.0259608205723
239,0.521453512447,-16844.8534537,0.977738088314,2.23544294478e-27,0.0181537722091
240,0.582047539231,-37233.2257004,0.990876202553,1.09181552876e-34,0.0128427256803
241,0.581919683601,-37391.3328567,0.992811577526,1.19691604218e-36,0.0113803162717
242,0.582396651859,-37641.8124032,0.993327412432,2.92104491243e-37,0.0109691029166
243,0.523446229638,-17337.9874426,0.979152671726,6.50038745087e-28,0.0176154894804
244,0.461196879481,751.888834819,0.948394145018,1.5001572013e-20,0.0250146018306
245,0.46543516157,-633.796011661,0.929155629631,5.21410160665e-18,0.030041058643
246,0.502533656788,-10809.3563393,0.978673811565,9.9663890008e-28,0.0171111466007
247,0.568752047721,-32331.1148196,0.986876908914,1.0533512075e-31,0.0150963425024
248,0.524623134969,-17409.7991253,0.975326310898,1.54551289561e-26,0.0192638092045
249,0.524332243352,-17404.5832518,0.976734661548,5.12141739648e-27,0.0186752766096
250,0.531048781077,-19771.2255178,0.974044161241,4.00198031276e-26,0.020019809309
251,0.538838447064,-22327.8806222,0.97432290355,3.26759568936e-26,0.0201997462509
252,0.517849752925,-15511.5164929,0.977424482884,2.90815064259e-27,0.0181592358352
253,0.572615859184,-33821.0328757,0.985204420866,1.01424744434e-30,0.0161589755276
254,0.55857150358,-29034.1464322,0.982717614512,1.90022364543e-29,0.017068309655
255,0.561170867922,-29901.3004417,0.983321253399,9.72071749219e-30,0.0168378304178
256,0.574886244172,-34571.3212148,0.990073464189,5.3823886427e-34,0.013239028259
257,0.574715442633,-34415.2002985,0.992647883547,1.83337260568e-36,0.0113680851353
258,0.559506379866,-29226.942439,0.983831135719,5.41267388812e-30,0.0165228435564
259,0.511383427781,-13569.1771301,0.974457261991,2.96102641759e-26,0.0191183165616
260,0.496462242895,-8255.45568795,0.963820297871,2.01435732215e-23,0.0222731542229
261,0.511383427781,-13569.1771301,0.974457261991,2.96102641759e-26,0.0191183165616
262,0.496206342566,-8200.34689608,0.961451125827,6.58529051434e-23,0.0230217267872
263,0.556391237503,-28307.3279006,0.98234798286,2.83167632749e-29,0.0171874023039
264,0.5168275843,-14954.5957813,0.970141953285,5.53731622337e-25,0.0209603271557
265,0.515917113829,-15013.2293998,0.971919261693,1.75219452193e-25,0.0202631412884
266,0.511574883481,-13927.3070259,0.974573716646,2.71752162201e-26,0.0190801084206
267,0.485532128182,-4995.79904269,0.967492630949,2.72150173225e-24,0.0205885602139
268,0.536233787302,-21960.0153552,0.984105954021,3.91727309973e-30,0.0156971272808
269,0.528667950631,-19562.4120085,0.983530087054,7.66495521203e-30,0.0157604488869
270,0.493140382383,-7276.73580237,0.959570919193,1.60113166603e-22,0.0234654624772
271,0.497662400262,-9059.44668455,0.971735446864,1.98029254242e-25,0.0196128347981
272,0.532486775066,-20708.317613,0.985258135602,9.46963280885e-31,0.014998633613
273,0.575495813381,-35145.2335129,0.983485779118,8.06329924537e-30,0.0171801074534
274,0.573174763834,-33967.3206741,0.996613347785,7.61759080772e-43,0.00767186316261
275,0.570076976515,-32651.9658806,0.996883066406,1.57762105087e-43,0.00731876119026
276,0.572757753203,-33700.4720584,0.990477105631,2.45433777314e-34,0.0129151012085
277,0.520470097628,-16276.4547451,0.962278634725,4.39177606913e-23,0.0238713610098
278,0.484881738063,-5791.16090863,0.960293844798,1.14360638467e-22,0.0228522722982
279,0.406163153409,12662.056826,0.843181732393,8.6554309178e-12,0.042011669438
280,0.441106050629,4172.0873502,0.886353347663,2.82541493533e-14,0.0373795591124
281,0.449016116333,3709.18006593,0.948352191446,1.52293986174e-20,0.0243646490646
282,0.51613715035,-14921.8018544,0.95803221362,3.21237540051e-22,0.025053081812
283,0.506574383204,-12000.0979355,0.964199675375,1.65419311037e-23,0.0226006403805
284,0.458878217944,887.622295351,0.924445563858,1.699132968e-17,0.0307048586087
285,0.563326571563,-27999.0452954,0.943103687875,9.14774262192e-20,0.0322180345041
286,0.455103215677,702.621079623,0.910927768008,3.43757499764e-16,0.0334370125404
287,0.500257980381,-10230.3527298,0.955763857861,8.56244382178e-22,0.0249745949864
288,0.518952897457,-15466.8838053,0.973747191958,4.95486943532e-26,0.0196799308718
289,0.504779755313,-10777.8079142,0.958360086348,2.77554775598e-22,0.0243995938468
290,0.559951501615,-29570.4693796,0.971751641854,1.95911949029e-25,0.0220610431049
291,0.528931779185,-18908.5645856,0.976229117222,7.67141498568e-27,0.0190501064985
292,0.526831929933,-18244.7178217,0.957445008086,4.16157529543e-22,0.0257624102744
293,0.422872118272,8395.35235894,0.915609398501,1.28478536593e-16,0.030123645751
294,0.420531232653,8918.84717944,0.907144130646,7.3260890612e-16,0.0316465667106
295,0.283960351849,43246.6002783,0.712777782825,2.47018565512e-07,0.0453284927853
296,0.380826982761,18910.600492,0.824683787936,6.06898158389e-11,0.0423694964475
297,0.406551609498,12427.9849132,0.886928478707,2.57910197419e-14,0.0343470643404
298,0.476727523663,-3809.3164426,0.902594312155,1.74558490041e-15,0.0368851107285
299,0.495907487722,-8491.59035124,0.943596069031,7.78879617935e-20,0.0282280213149
300,0.460913013906,553.654913066,0.936711271466,6.53905506399e-19,0.0279458324981
301,0.488119264947,-8143.90778774,0.907457891255,6.88904348741e-16,0.0366610453362
302,0.5125909045,-13683.92999,0.942408704641,1.14510774729e-19,0.0295113135109
303,0.49725932885,-9096.18033191,0.927961701791,7.0876396754e-18,0.0323960463861
304,0.447207215607,4016.16876379,0.939503011353,2.84394484261e-19,0.0264503202835
305,0.447207215607,4016.16876379,0.939503011353,2.84394484261e-19,0.0264503202835
306,0.448141982999,3644.83600141,0.934732584019,1.15339465612e-18,0.0276372694992
307,0.307371939168,36478.6727935,0.677531641963,1.57128750596e-06,0.0541279712563
308,0.367282896092,22178.1846807,0.800976819574,5.41399361476e-10,0.0445343226044
309,0.539262338581,-22700.7708177,0.961792255064,5.57851397828e-23,0.0249017132431
310,0.539262338581,-22700.7708177,0.961792255064,5.57851397828e-23,0.0249017132431
311,0.479237699591,-4393.58873966,0.935038247211,1.05782170068e-18,0.0294783685799
312,0.295308387384,39991.7419298,0.705784014925,3.64236006236e-07,0.048084745112
313,0.391839052997,15258.3929484,0.862634787925,8.35197379997e-13,0.037272728608
314,0.445422972583,2672.14302483,0.90607295403,9.02326488559e-16,0.0337429258834
315,0.36185914457,22417.8826721,0.84370124738,8.16550299714e-12,0.0373492679027
316,0.451731132983,5040.08333958,0.914396288747,1.66692961406e-16,0.0324426251311
317,0.430762374856,12071.2969011,0.833031754178,2.59497755349e-11,0.0464073045499
318,0.464606916322,1146.72602927,0.909484494606,4.60572434315e-16,0.0344522929439
319,0.465868187584,414.240640001,0.904380719492,1.24778427099e-15,0.03565903494
320,0.459926052919,464.570214026,0.898441261152,3.71808008529e-15,0.0364639536614
321,0.318412944138,31219.2544356,0.709842890237,2.91138145849e-07,0.0512544279824
322,0.446786039307,1984.00234789,0.877837174642,1.03262630351e-13,0.0395450681177
323,0.427363493493,9852.02625653,0.92108828565,3.76753564869e-17,0.0293054749728
324,0.440573612675,7038.27052139,0.894084422241,7.94239707026e-15,0.0358036861735
325,0.434648823679,6884.68477776,0.907484826215,6.8526932252e-16,0.0326395654919
326,0.372265071925,18643.2358093,0.779246500442,3.1584530134e-09,0.048568813031
327,0.392852376315,14838.6396742,0.798500805595,6.69013306798e-10,0.0480456643521
328,0.382146172597,17064.7316151,0.792661047796,1.08966743967e-09,0.0476803834756
329,0.340848518162,25443.4168216,0.715179090982,2.15616341335e-07,0.0540375280505
330,0.348622917124,31769.5988993,0.777385796742,3.63964665872e-09,0.045760927703
331,0.40838998607,16072.739542,0.866967370235,4.72575883322e-13,0.0380827222831
332,0.315791987059,41128.5809116,0.716535104304,1.99559985536e-07,0.0498709707633
333,0.314193572669,41635.567522,0.717435232019,1.89521217544e-07,0.0494905165866
334,0.310113506367,42427.5081751,0.701429183885,4.61291067169e-07,0.0511182135993
335,0.262793471058,43702.533748,0.49574203817,0.00114259995581,0.074683000301
336,0.403570198104,11685.3195,0.880478497431,6.98153479062e-14,0.0352505374908
337,0.45701172492,28.3947638637,0.602653082655,3.87193118761e-05,0.0981686564611
338,0.335317297005,36058.7027955,0.766124937989,8.3492421649e-09,0.0456317609178
339,0.439551775191,4739.57785521,0.84985877253,4.02617343411e-12,0.0442171499244
340,0.325666458499,30203.4218805,0.719276596625,1.70426057781e-07,0.0510267007958
341,0.470102200507,-2554.99611922,0.856822685199,1.74059474403e-12,0.045891457685
342,0.245720036241,45196.7929359,0.576484087088,9.89363174902e-05,0.0564990454799
343,0.348671534901,22254.0777381,0.886062711815,2.95814751122e-14,0.0295917901519
344,0.214314777149,67730.7358284,0.628906893585,1.38517038563e-05,0.0429797156123
345,0.287549279247,41523.1773377,0.590910940632,5.95806112605e-05,0.0636839981117
346,0.264214465422,47005.2312564,0.471350047308,0.00214014503515,0.0801979635228
347,0.436759740869,8335.39751931,0.877325297235,1.1128432059e-13,0.0387558639359
348,0.399664278536,18560.0189086,0.806364646483,3.38069343687e-10,0.0475518146673
349,0.163645201066,69571.2338248,0.453080529815,0.00332627095027,0.0522327161392
350,0.302715700804,34934.9890684,0.626437692177,1.53190469621e-05,0.0611034184556
351,0.128718891938,79233.2255235,0.287180716473,0.0723743093227,0.0696473668835
352,0.302700868657,37910.1298048,0.611464847999,2.77036397213e-05,0.0635442049523
353,0.426861247681,10396.8073321,0.709555172463,2.95834621025e-07,0.0687673272045
354,0.363682922127,27071.6655038,0.617501042885,2.18976895976e-05,0.075150318671
355,0.179068316213,69457.2190573,0.682284318278,1.24260891341e-06,0.0311265212533
356,0.307653451624,30166.8333539,0.767495484874,7.56545211146e-09,0.0416858840716
357,0.32436783084,25923.4038439,0.834899354776,2.13212839913e-11,0.0346890464619
358,0.378403005394,15698.848661,0.930175616401,3.99415820889e-18,0.0242270087251
359,0.365220164629,18070.1509885,0.911033212867,3.36423286601e-16,0.0268149388318
360,0.319604290613,27075.9845365,0.802875932521,4.59351212559e-10,0.0384968424535
361,0.272392135128,37440.5372287,0.741308193069,4.46885041156e-08,0.040006736373
362,0.0907335591679,83922.9539487,0.216522509053,0.179606502612,0.0663661209479
363,0.198757901865,57245.0712072,0.52435066661,0.000514644466053,0.0523596421281
364,0.325839351997,27003.2405387,0.702808299317,4.28235200866e-07,0.0535027458686
365,0.145524404143,67013.3151375,0.355839783418,0.0242282554286,0.0619998539234
